,start_date,end_date,timeframe,fiscal_period,fiscal_year,cik,sic,tickers,company_name,filing_date,acceptance_datetime,source_filing_url,source_filing_file_url,balance_sheet.accounts_payable.value,balance_sheet.equity_attributable_to_noncontrolling_interest.value,balance_sheet.other_current_assets.value,balance_sheet.liabilities_and_equity.value,balance_sheet.noncurrent_assets.value,balance_sheet.equity_attributable_to_parent.value,balance_sheet.current_assets.value,balance_sheet.inventory.value,balance_sheet.fixed_assets.value,balance_sheet.liabilities.value,balance_sheet.assets.value,balance_sheet.equity.value,balance_sheet.long_term_debt.value,balance_sheet.noncurrent_liabilities.value,balance_sheet.other_noncurrent_assets.value,balance_sheet.other_noncurrent_liabilities.value,balance_sheet.current_liabilities.value,balance_sheet.other_current_liabilities.value,cash_flow_statement.net_cash_flow_from_investing_activities_continuing.value,cash_flow_statement.net_cash_flow_continuing.value,cash_flow_statement.net_cash_flow_from_operating_activities_continuing.value,cash_flow_statement.net_cash_flow_from_financing_activities_continuing.value,cash_flow_statement.net_cash_flow_from_operating_activities.value,cash_flow_statement.net_cash_flow_from_financing_activities.value,cash_flow_statement.net_cash_flow_from_investing_activities.value,cash_flow_statement.net_cash_flow.value,income_statement.benefits_costs_expenses.value,income_statement.net_income_loss_attributable_to_parent.value,income_statement.participating_securities_distributed_and_undistributed_earnings_loss_basic.value,income_statement.operating_expenses.value,income_statement.diluted_earnings_per_share.value,income_statement.income_loss_from_continuing_operations_after_tax.value,income_statement.operating_income_loss.value,income_statement.net_income_loss_available_to_common_stockholders_basic.value,income_statement.research_and_development.value,income_statement.costs_and_expenses.value,income_statement.basic_average_shares.value,income_statement.gross_profit.value,income_statement.preferred_stock_dividends_and_other_adjustments.value,income_statement.diluted_average_shares.value,income_statement.net_income_loss.value,income_statement.cost_of_revenue.value,income_statement.nonoperating_income_loss.value,income_statement.net_income_loss_attributable_to_noncontrolling_interest.value,income_statement.income_loss_from_continuing_operations_before_tax.value,income_statement.income_tax_expense_benefit.value,income_statement.basic_earnings_per_share.value,income_statement.selling_general_and_administrative_expenses.value,income_statement.revenues.value,income_statement.interest_expense_operating.value,income_statement.income_tax_expense_benefit_deferred.value,balance_sheet.intangible_assets.value,income_statement.depreciation_and_amortization.value,balance_sheet.wages.value,income_statement.income_loss_before_equity_method_investments.value,balance_sheet.commitments_and_contingencies.value
0,2023-06-30,2024-06-29,ttm,TTM,,0000320193,3571,['AAPL'],APPLE INC,,,,,47574000000.0,0,119270000000.0,331612000000.0,206177000000.0,66708000000.0,125435000000.0,6165000000.0,44502000000.0,264904000000.0,331612000000.0,66708000000.0,98300000000.0,133280000000.0,161675000000.0,34980000000.0,131624000000.0,84050000000.0,3884000000.0,-3263000000.0,113041000000.0,-120188000000.0,113041000000.0,-120188000000.0,3884000000.0,-3263000000.0,264730000000.0,101956000000.0,0,56637000000.0,6.57,101956000000.0,120594000000.0,101956000000.0,30912000000.0,264730000000.0,30697065000.0,177231000000.0,0,30822134000.0,101956000000.0,208372000000.0,279000000.0,0,120873000000.0,18917000000.0,6.59,25725000000.0,385603000000.0,,,,,,,
1,2024-03-31,2024-06-29,quarterly,Q3,2024,0000320193,3571,['AAPL'],Apple Inc.,2024-08-02,2024-08-01T22:03:34Z,https://api.polygon.io/v1/reference/sec/filings/0000320193-24-000081,http://api.polygon.io/v1/reference/sec/filings/0000320193-24-000081/files/aapl-20240629_htm.xml,47574000000.0,0,119270000000.0,331612000000.0,206177000000.0,66708000000.0,125435000000.0,6165000000.0,44502000000.0,264904000000.0,331612000000.0,66708000000.0,98300000000.0,133280000000.0,161675000000.0,34980000000.0,131624000000.0,84050000000.0,-127000000.0,-7286000000.0,28858000000.0,-36017000000.0,28858000000.0,-36017000000.0,-127000000.0,-7286000000.0,60283000000.0,21448000000.0,0,14326000000.0,1.4,21448000000.0,25352000000.0,21448000000.0,8006000000.0,60283000000.0,15287521000.0,39678000000.0,0,15348175000.0,21448000000.0,46099000000.0,142000000.0,0,25494000000.0,4046000000.0,1.4,6320000000.0,85777000000.0,,,,,,,
2,2023-12-31,2024-03-30,quarterly,Q2,2024,0000320193,3571,['AAPL'],Apple Inc.,2024-05-03,2024-05-02T22:04:25Z,https://api.polygon.io/v1/reference/sec/filings/0000320193-24-000069,http://api.polygon.io/v1/reference/sec/filings/0000320193-24-000069/files/aapl-20240330_htm.xml,45753000000.0,0,122184000000.0,337411000000.0,208995000000.0,74194000000.0,128416000000.0,6232000000.0,43546000000.0,263217000000.0,337411000000.0,74194000000.0,102600000000.0,139395000000.0,165449000000.0,36795000000.0,123822000000.0,78069000000.0,-310000000.0,-8053000000.0,22690000000.0,-30433000000.0,22690000000.0,-30433000000.0,-310000000.0,-8053000000.0,62695000000.0,23636000000.0,0,14371000000.0,1.53,23636000000.0,27900000000.0,23636000000.0,7903000000.0,62695000000.0,15405856000.0,42271000000.0,0,15464709000.0,23636000000.0,48482000000.0,158000000.0,0,28058000000.0,4422000000.0,1.53,6468000000.0,90753000000.0,,,,,,,
3,2023-10-01,2023-12-30,quarterly,Q1,2024,0000320193,3571,['AAPL'],Apple Inc.,2024-02-02,2024-02-01T23:03:38Z,https://api.polygon.io/v1/reference/sec/filings/0000320193-24-000006,http://api.polygon.io/v1/reference/sec/filings/0000320193-24-000006/files/aapl-20231230_htm.xml,58146000000.0,0,137181000000.0,353514000000.0,209822000000.0,74100000000.0,143692000000.0,6511000000.0,43666000000.0,279414000000.0,353514000000.0,74100000000.0,106000000000.0,145441000000.0,166156000000.0,39441000000.0,133973000000.0,75827000000.0,1927000000.0,11237000000.0,39895000000.0,-30585000000.0,39895000000.0,-30585000000.0,1927000000.0,11237000000.0,79252000000.0,33916000000.0,0,14482000000.0,2.18,33916000000.0,40373000000.0,33916000000.0,7696000000.0,79252000000.0,15509763000.0,54855000000.0,0,15576641000.0,33916000000.0,64720000000.0,-50000000.0,0,40323000000.0,6407000000.0,2.19,6786000000.0,119575000000.0,,,,,,,
4,2023-07-02,2023-09-30,quarterly,Q4,2023,0000320193,3571,['AAPL'],Apple Inc.,,,,,62611000000.0,0,137235000000.0,352583000000.0,209017000000.0,62146000000.0,143566000000.0,6331000000.0,43715000000.0,290437000000.0,352583000000.0,62146000000.0,105103000000.0,145129000000.0,165302000000.0,40026000000.0,145308000000.0,82697000000.0,2394000000.0,839000000.0,21598000000.0,-23153000000.0,21598000000.0,-23153000000.0,2394000000.0,839000000.0,62500000000.0,22956000000.0,0,13458000000.0,1.46,22956000000.0,26969000000.0,22956000000.0,7307000000.0,62500000000.0,-48266000.0,40427000000.0,0,-46716000.0,22956000000.0,49071000000.0,29000000.0,0,26998000000.0,4042000000.0,1.4699999999999998,6151000000.0,89498000000.0,1002000000.0,,,,,,
5,2022-09-25,2023-09-30,annual,FY,2023,0000320193,3571,['AAPL'],Apple Inc.,2023-11-03,2023-11-02T22:08:27Z,https://api.polygon.io/v1/reference/sec/filings/0000320193-23-000106,http://api.polygon.io/v1/reference/sec/filings/0000320193-23-000106/files/aapl-20230930_htm.xml,62611000000.0,0,137235000000.0,352583000000.0,209017000000.0,62146000000.0,143566000000.0,6331000000.0,43715000000.0,290437000000.0,352583000000.0,62146000000.0,105103000000.0,145129000000.0,165302000000.0,40026000000.0,145308000000.0,82697000000.0,3705000000.0,5760000000.0,110543000000.0,-108488000000.0,110543000000.0,-108488000000.0,3705000000.0,5760000000.0,269549000000.0,96995000000.0,0,54847000000.0,6.13,96995000000.0,114301000000.0,96995000000.0,29915000000.0,269549000000.0,15744231000.0,169148000000.0,0,15812547000.0,96995000000.0,214137000000.0,-565000000.0,0,113736000000.0,16741000000.0,6.16,24932000000.0,383285000000.0,3933000000.0,,,,,,
6,2023-04-02,2023-07-01,quarterly,Q3,2023,0000320193,3571,['AAPL'],Apple Inc.,2023-08-04,2023-08-03T22:04:43Z,https://api.polygon.io/v1/reference/sec/filings/0000320193-23-000077,http://api.polygon.io/v1/reference/sec/filings/0000320193-23-000077/files/aapl-20230701_htm.xml,46699000000.0,0,115308000000.0,335038000000.0,212379000000.0,60274000000.0,122659000000.0,7351000000.0,43550000000.0,274764000000.0,335038000000.0,60274000000.0,105300000000.0,149801000000.0,168829000000.0,44501000000.0,124963000000.0,78264000000.0,437000000.0,2769000000.0,26380000000.0,-24048000000.0,26380000000.0,-24048000000.0,437000000.0,2769000000.0,59064000000.0,19881000000.0,0,13415000000.0,1.26,19881000000.0,22998000000.0,19881000000.0,7442000000.0,59064000000.0,15697614000.0,36413000000.0,0,15775021000.0,19881000000.0,45384000000.0,-265000000.0,0,22733000000.0,2852000000.0,1.27,5973000000.0,81797000000.0,998000000.0,,,,,,
7,2023-01-01,2023-04-01,quarterly,Q2,2023,0000320193,3571,['AAPL'],Apple Inc.,2023-05-05,2023-05-04T22:03:52Z,https://api.polygon.io/v1/reference/sec/filings/0000320193-23-000064,http://api.polygon.io/v1/reference/sec/filings/0000320193-23-000064/files/aapl-20230401_htm.xml,42945000000.0,0,105431000000.0,332160000000.0,219247000000.0,62158000000.0,112913000000.0,7482000000.0,43398000000.0,270002000000.0,332160000000.0,62158000000.0,107600000000.0,149927000000.0,175849000000.0,42327000000.0,120075000000.0,77130000000.0,2319000000.0,5155000000.0,28560000000.0,-25724000000.0,28560000000.0,-25724000000.0,2319000000.0,5155000000.0,66454000000.0,24160000000.0,0,13658000000.0,1.52,24160000000.0,28318000000.0,24160000000.0,7457000000.0,66454000000.0,15787154000.0,41976000000.0,0,15847050000.0,24160000000.0,52860000000.0,64000000.0,0,28382000000.0,4222000000.0,1.53,6201000000.0,94836000000.0,930000000.0,,,,,,
8,2022-09-25,2022-12-31,quarterly,Q1,2023,0000320193,3571,['AAPL'],Apple Inc.,2023-02-03,,https://api.polygon.io/v1/reference/sec/filings/0000320193-23-000006,http://api.polygon.io/v1/reference/sec/filings/0000320193-23-000006/files/aapl-20221231_htm.xml,57918000000.0,0,121957000000.0,346747000000.0,217970000000.0,56727000000.0,128777000000.0,6820000000.0,42951000000.0,290020000000.0,346747000000.0,56727000000.0,109400000000.0,152734000000.0,175019000000.0,43334000000.0,137286000000.0,79368000000.0,-1445000000.0,-3003000000.0,34005000000.0,-35563000000.0,34005000000.0,-35563000000.0,-1445000000.0,-3003000000.0,81531000000.0,29998000000.0,0,14316000000.0,1.88,29998000000.0,36016000000.0,29998000000.0,7709000000.0,81531000000.0,15892723000.0,50332000000.0,0,15955718000.0,29998000000.0,66822000000.0,-393000000.0,0,35623000000.0,5625000000.0,1.89,6607000000.0,117154000000.0,1003000000.0,,,,,,
9,2022-06-26,2022-09-24,quarterly,Q4,2022,0000320193,3571,['AAPL'],Apple Inc.,,,,,64115000000.0,0,130459000000.0,352755000000.0,217350000000.0,50672000000.0,135405000000.0,4946000000.0,42117000000.0,302083000000.0,352755000000.0,50672000000.0,,148101000000.0,175233000000.0,,153982000000.0,89867000000.0,-1217000000.0,-3884000000.0,24127000000.0,-26794000000.0,24127000000.0,-26794000000.0,-1217000000.0,-3884000000.0,65489000000.0,20721000000.0,0,13201000000.0,1.29,20721000000.0,24894000000.0,20721000000.0,6761000000.0,65489000000.0,-61861000.0,38095000000.0,0,-69118000.0,20721000000.0,52051000000.0,-237000000.0,0,24657000000.0,3936000000.0,1.29,6440000000.0,90146000000.0,827000000.0,-1861000000.0,,,,,
10,2021-09-26,2022-09-24,annual,FY,2022,0000320193,3571,['AAPL'],Apple Inc.,2022-10-28,,https://api.polygon.io/v1/reference/sec/filings/0000320193-22-000108,http://api.polygon.io/v1/reference/sec/filings/0000320193-22-000108/files/aapl-20220924_htm.xml,64115000000.0,0,130459000000.0,352755000000.0,217350000000.0,50672000000.0,135405000000.0,4946000000.0,42117000000.0,302083000000.0,352755000000.0,50672000000.0,,148101000000.0,175233000000.0,,153982000000.0,89867000000.0,-22354000000.0,-10952000000.0,122151000000.0,-110749000000.0,122151000000.0,-110749000000.0,-22354000000.0,-10952000000.0,275225000000.0,99803000000.0,0,51345000000.0,6.11,99803000000.0,119437000000.0,99803000000.0,26251000000.0,275225000000.0,16215963000.0,170782000000.0,0,16325819000.0,99803000000.0,223546000000.0,-334000000.0,0,119103000000.0,19300000000.0,6.15,25094000000.0,394328000000.0,2931000000.0,895000000.0,,,,,
11,2022-03-27,2022-06-25,quarterly,Q3,2022,0000320193,3571,['AAPL'],Apple Inc.,2022-07-29,,https://api.polygon.io/v1/reference/sec/filings/0000320193-22-000070,http://api.polygon.io/v1/reference/sec/filings/0000320193-22-000070/files/aapl-20220625_htm.xml,48343000000.0,0,106859000000.0,336309000000.0,224017000000.0,58107000000.0,112292000000.0,5433000000.0,40335000000.0,278202000000.0,336309000000.0,58107000000.0,108700000000.0,148329000000.0,183682000000.0,39629000000.0,129873000000.0,81530000000.0,4234000000.0,-319000000.0,22892000000.0,-27445000000.0,22892000000.0,-27445000000.0,4234000000.0,-319000000.0,59893000000.0,19442000000.0,0,12809000000.0,1.2,19442000000.0,23076000000.0,19442000000.0,6797000000.0,59893000000.0,16162945000.0,35885000000.0,0,16262203000.0,19442000000.0,47074000000.0,-10000000.0,0,23066000000.0,3624000000.0,1.2,6012000000.0,82959000000.0,719000000.0,1668000000.0,,,,,
12,2021-12-26,2022-03-26,quarterly,Q2,2022,0000320193,3571,['AAPL'],Apple Inc.,2022-04-29,,https://api.polygon.io/v1/reference/sec/filings/0000320193-22-000059,http://api.polygon.io/v1/reference/sec/filings/0000320193-22-000059/files/aapl-20220326_htm.xml,52682000000.0,0,112720000000.0,350662000000.0,232482000000.0,67399000000.0,118180000000.0,5460000000.0,39304000000.0,283263000000.0,350662000000.0,67399000000.0,113000000000.0,155755000000.0,193178000000.0,42755000000.0,127508000000.0,74826000000.0,-9265000000.0,-9450000000.0,28166000000.0,-28351000000.0,28166000000.0,-28351000000.0,-9265000000.0,-9450000000.0,67139000000.0,25010000000.0,0,12580000000.0,1.52,25010000000.0,29979000000.0,25010000000.0,6387000000.0,67139000000.0,16278802000.0,42559000000.0,0,16403316000.0,25010000000.0,54719000000.0,160000000.0,0,30139000000.0,5129000000.0,1.54,6193000000.0,97278000000.0,691000000.0,406000000.0,,,,,
13,2021-09-26,2021-12-25,quarterly,Q1,2022,0000320193,3571,['AAPL'],Apple Inc.,2022-01-28,,https://api.polygon.io/v1/reference/sec/filings/0000320193-22-000007,http://api.polygon.io/v1/reference/sec/filings/0000320193-22-000007/files/aapl-20211225_htm.xml,74362000000.0,0,147278000000.0,381191000000.0,228037000000.0,71932000000.0,153154000000.0,5876000000.0,39245000000.0,309259000000.0,381191000000.0,71932000000.0,117800000000.0,161685000000.0,188792000000.0,43885000000.0,147574000000.0,73212000000.0,-16106000000.0,2701000000.0,46966000000.0,-28159000000.0,46966000000.0,-28159000000.0,-16106000000.0,2701000000.0,82704000000.0,34630000000.0,0,12755000000.0,2.1,34630000000.0,41488000000.0,34630000000.0,6306000000.0,82704000000.0,16391724000.0,54243000000.0,0,16519291000.0,34630000000.0,69702000000.0,-247000000.0,0,41241000000.0,6611000000.0,2.11,6449000000.0,123945000000.0,694000000.0,682000000.0,,,,,
14,2021-06-27,2021-09-25,quarterly,Q4,2021,0000320193,3571,['AAPL'],Apple Inc.,,,,,54763000000.0,0,128256000000.0,351002000000.0,216166000000.0,63090000000.0,134836000000.0,6580000000.0,39440000000.0,287912000000.0,351002000000.0,63090000000.0,,162431000000.0,176726000000.0,,125481000000.0,70718000000.0,835000000.0,653000000.0,20200000000.0,-20382000000.0,20200000000.0,-20382000000.0,835000000.0,653000000.0,60112000000.0,20551000000.0,0,11388000000.0,1.2300000000000004,20551000000.0,23786000000.0,20551000000.0,5772000000.0,60112000000.0,-71384000.0,35174000000.0,0,-76608000.0,20551000000.0,48186000000.0,-538000000.0,0,23248000000.0,2697000000.0,1.25,5616000000.0,83360000000.0,672000000.0,-4037000000.0,,,,,
15,2020-09-27,2021-09-25,annual,FY,2021,0000320193,3571,['AAPL'],Apple Inc.,2021-10-29,,https://api.polygon.io/v1/reference/sec/filings/0000320193-21-000105,http://api.polygon.io/v1/reference/sec/filings/0000320193-21-000105/files/aapl-20210925_htm.xml,54763000000.0,0,128256000000.0,351002000000.0,216166000000.0,63090000000.0,134836000000.0,6580000000.0,39440000000.0,287912000000.0,351002000000.0,63090000000.0,,162431000000.0,176726000000.0,,125481000000.0,70718000000.0,-14545000000.0,-3860000000.0,104038000000.0,-93353000000.0,104038000000.0,-93353000000.0,-14545000000.0,-3860000000.0,256610000000.0,94680000000.0,0,43887000000.0,5.61,94680000000.0,108949000000.0,94680000000.0,21914000000.0,256610000000.0,16701272000.0,152836000000.0,0,16864919000.0,94680000000.0,212981000000.0,258000000.0,0,109207000000.0,14527000000.0,5.67,21973000000.0,365817000000.0,2645000000.0,-4774000000.0,,,,,
16,2021-03-28,2021-06-26,quarterly,Q3,2021,0000320193,3571,['AAPL'],Apple Inc.,2021-07-28,,https://api.polygon.io/v1/reference/sec/filings/0000320193-21-000065,http://api.polygon.io/v1/reference/sec/filings/0000320193-21-000065/files/aapl-20210626_htm.xml,40409000000.0,0,109245000000.0,329840000000.0,215417000000.0,64280000000.0,114423000000.0,5178000000.0,38615000000.0,265560000000.0,329840000000.0,64280000000.0,,157806000000.0,176802000000.0,,107754000000.0,67345000000.0,3572000000.0,-4730000000.0,21094000000.0,-29396000000.0,21094000000.0,-29396000000.0,3572000000.0,-4730000000.0,57065000000.0,21744000000.0,0,11129000000.0,1.3,21744000000.0,24126000000.0,21744000000.0,5717000000.0,57065000000.0,16629371000.0,35255000000.0,0,16781735000.0,21744000000.0,46179000000.0,243000000.0,0,24369000000.0,2625000000.0,1.31,5412000000.0,81434000000.0,665000000.0,-530000000.0,,,,,
17,2020-12-27,2021-03-27,quarterly,Q2,2021,0000320193,3571,['AAPL'],Apple Inc.,2021-04-29,,https://api.polygon.io/v1/reference/sec/filings/0000320193-21-000056,http://api.polygon.io/v1/reference/sec/filings/0000320193-21-000056/files/aapl-20210327_htm.xml,40127000000.0,0,116246000000.0,337158000000.0,215693000000.0,69178000000.0,121465000000.0,5219000000.0,37815000000.0,267980000000.0,337158000000.0,69178000000.0,,161595000000.0,177878000000.0,,106385000000.0,66258000000.0,-10368000000.0,2287000000.0,23981000000.0,-11326000000.0,23981000000.0,-11326000000.0,-10368000000.0,2287000000.0,61573000000.0,23630000000.0,0,10576000000.0,1.4,23630000000.0,27503000000.0,23630000000.0,5262000000.0,61573000000.0,16753476000.0,38079000000.0,0,16929157000.0,23630000000.0,51505000000.0,508000000.0,0,28011000000.0,4381000000.0,1.41,5314000000.0,89584000000.0,670000000.0,-149000000.0,,,,,
18,2020-09-27,2020-12-26,quarterly,Q1,2021,0000320193,3571,['AAPL'],Apple Inc.,2021-01-28,,https://api.polygon.io/v1/reference/sec/filings/0000320193-21-000010,http://api.polygon.io/v1/reference/sec/filings/0000320193-21-000010/files/aapl-20201226_htm.xml,63846000000.0,0,149133000000.0,354054000000.0,199948000000.0,66224000000.0,154106000000.0,4973000000.0,37933000000.0,287830000000.0,354054000000.0,66224000000.0,,155323000000.0,162015000000.0,,132507000000.0,68661000000.0,-8584000000.0,-2070000000.0,38763000000.0,-32249000000.0,38763000000.0,-32249000000.0,-8584000000.0,-2070000000.0,77860000000.0,28755000000.0,0,10794000000.0,1.68,28755000000.0,33534000000.0,28755000000.0,5163000000.0,77860000000.0,16935119000.0,44328000000.0,0,17113688000.0,28755000000.0,67111000000.0,45000000.0,0,33579000000.0,4824000000.0,1.7,5631000000.0,111439000000.0,638000000.0,-58000000.0,,,,,
19,2020-06-28,2020-09-26,quarterly,Q4,2020,0000320193,3571,['AAPL'],Apple Inc.,,,,,42296000000.0,0,139652000000.0,323888000000.0,180175000000.0,65339000000.0,143713000000.0,4061000000.0,36766000000.0,258549000000.0,323888000000.0,65339000000.0,,153157000000.0,143409000000.0,,105392000000.0,63096000000.0,5531000000.0,4750000000.0,20576000000.0,-21357000000.0,20576000000.0,-21357000000.0,5531000000.0,4750000000.0,0.0,12673000000.0,0,9914000000.0,0.73,12673000000.0,14775000000.0,12673000000.0,4978000000.0,0.0,12989548000.0,24689000000.0,0,13123519000.0,12673000000.0,40009000000.0,126000000.0,0,64698000000.0,2228000000.0,0.74,4936000000.0,64698000000.0,634000000.0,-397000000.0,,,,,
20,2019-09-29,2020-09-26,annual,FY,2020,0000320193,3571,['AAPL'],Apple Inc.,2020-10-30,,https://api.polygon.io/v1/reference/sec/filings/0000320193-20-000096,http://api.polygon.io/v1/reference/sec/filings/0000320193-20-000096/files/aapl-20200926_htm.xml,42296000000.0,0,139652000000.0,323888000000.0,180175000000.0,65339000000.0,143713000000.0,4061000000.0,36766000000.0,258549000000.0,323888000000.0,65339000000.0,,153157000000.0,143409000000.0,,105392000000.0,63096000000.0,-4289000000.0,-10435000000.0,80674000000.0,-86820000000.0,80674000000.0,-86820000000.0,-4289000000.0,-10435000000.0,207424000000.0,57411000000.0,0,38668000000.0,3.28,57411000000.0,66288000000.0,57411000000.0,18752000000.0,207424000000.0,17352119000.0,104956000000.0,0,17528214000.0,57411000000.0,169559000000.0,803000000.0,0,67091000000.0,9680000000.0,3.31,19916000000.0,274515000000.0,2873000000.0,-215000000.0,,,,,
21,2020-03-29,2020-06-27,quarterly,Q3,2020,0000320193,3571,['AAPL'],Apple Inc.,2020-07-31,,https://api.polygon.io/v1/reference/sec/filings/0000320193-20-000062,http://api.polygon.io/v1/reference/sec/filings/0000320193-20-000062/files/aapl-20200627_htm.xml,35325000000.0,0,136087000000.0,317344000000.0,177279000000.0,72282000000.0,140065000000.0,3978000000.0,35687000000.0,245062000000.0,317344000000.0,72282000000.0,,149744000000.0,141592000000.0,,95318000000.0,59993000000.0,-5165000000.0,-8010000000.0,16271000000.0,-19116000000.0,16271000000.0,-19116000000.0,-5165000000.0,-8010000000.0,0.0,11253000000.0,0,9589000000.0,0.65,11253000000.0,13091000000.0,11253000000.0,4758000000.0,0.0,4312573000.0,22680000000.0,0,4354788000.0,11253000000.0,37005000000.0,46000000.0,0,13137000000.0,1884000000.0,0.65,4831000000.0,59685000000.0,697000000.0,833000000.0,,,,,
22,2019-12-29,2020-03-28,quarterly,Q2,2020,0000320193,3571,['AAPL'],Apple Inc.,2020-05-01,,https://api.polygon.io/v1/reference/sec/filings/0000320193-20-000052,http://api.polygon.io/v1/reference/sec/filings/0000320193-20-000052/files/a10-qq220203282020_htm.xml,32421000000.0,0,140419000000.0,320400000000.0,176647000000.0,78425000000.0,143753000000.0,3334000000.0,35889000000.0,241975000000.0,320400000000.0,78425000000.0,,145881000000.0,140758000000.0,,96094000000.0,63673000000.0,9013000000.0,1384000000.0,13311000000.0,-20940000000.0,13311000000.0,-20940000000.0,9013000000.0,1384000000.0,0.0,11249000000.0,0,9517000000.0,0.64,11249000000.0,12853000000.0,11249000000.0,4565000000.0,0.0,4360101000.0,22370000000.0,0,4404691000.0,11249000000.0,35943000000.0,282000000.0,0,13135000000.0,1886000000.0,0.64,4952000000.0,58313000000.0,757000000.0,-302000000.0,,,,,
23,2019-09-29,2019-12-28,quarterly,Q1,2020,0000320193,3571,['AAPL'],Apple Inc.,2020-01-29,,https://api.polygon.io/v1/reference/sec/filings/0000320193-20-000010,http://api.polygon.io/v1/reference/sec/filings/0000320193-20-000010/files/a10-qq1202012282019_htm.xml,45111000000.0,0,159134000000.0,340618000000.0,177387000000.0,89531000000.0,163231000000.0,4097000000.0,37031000000.0,251087000000.0,340618000000.0,89531000000.0,,148926000000.0,140356000000.0,,102161000000.0,57050000000.0,-13668000000.0,-8559000000.0,30516000000.0,-25407000000.0,30516000000.0,-25407000000.0,-13668000000.0,-8559000000.0,0.0,22236000000.0,0,9648000000.0,1.25,22236000000.0,25569000000.0,22236000000.0,4451000000.0,0.0,4415040000.0,35217000000.0,0,4454604000.0,22236000000.0,56602000000.0,349000000.0,0,25918000000.0,3682000000.0,1.26,5197000000.0,91819000000.0,785000000.0,-349000000.0,,,,,
24,2019-06-30,2019-09-28,quarterly,Q4,2019,0000320193,3571,['AAPL'],APPLE INC,,,,,46236000000.0,0,158713000000.0,338516000000.0,175697000000.0,90488000000.0,162819000000.0,4106000000.0,37378000000.0,248028000000.0,338516000000.0,90488000000.0,,142310000000.0,138319000000.0,,105718000000.0,59482000000.0,-798000000.0,-1927000000.0,19910000000.0,-21039000000.0,19910000000.0,-21039000000.0,-798000000.0,-1927000000.0,0.0,13686000000.0,0,8688000000.0,3.03,13686000000.0,15625000000.0,13686000000.0,4110000000.0,0.0,-42341000.0,24313000000.0,0,-42846000.0,13686000000.0,39727000000.0,502000000.0,0,64040000000.0,2441000000.0,3.05,4578000000.0,64040000000.0,810000000.0,-302000000.0,,,,,
25,2018-09-30,2019-09-28,annual,FY,2019,0000320193,3571,['AAPL'],Apple Inc.,2019-10-31,,https://api.polygon.io/v1/reference/sec/filings/0000320193-19-000119,http://api.polygon.io/v1/reference/sec/filings/0000320193-19-000119/files/a10-k20199282019_htm.xml,46236000000.0,0,158713000000.0,338516000000.0,175697000000.0,90488000000.0,162819000000.0,4106000000.0,37378000000.0,248028000000.0,338516000000.0,90488000000.0,,142310000000.0,138319000000.0,,105718000000.0,59482000000.0,45896000000.0,24311000000.0,69391000000.0,-90976000000.0,69391000000.0,-90976000000.0,45896000000.0,24311000000.0,194437000000.0,55256000000.0,0,34462000000.0,11.89,55256000000.0,63930000000.0,55256000000.0,16217000000.0,194437000000.0,4617834000.0,98392000000.0,0,4648913000.0,55256000000.0,161782000000.0,1807000000.0,0,65737000000.0,10481000000.0,11.97,18245000000.0,260174000000.0,3576000000.0,-340000000.0,,,,,
26,2019-03-31,2019-06-29,quarterly,Q3,2019,0000320193,3571,['AAPL'],APPLE INC,2019-07-31,,https://api.polygon.io/v1/reference/sec/filings/0000320193-19-000076,http://api.polygon.io/v1/reference/sec/filings/0000320193-19-000076/files/a10-qq320196292019_htm.xml,29115000000.0,0,131618000000.0,322239000000.0,187266000000.0,96456000000.0,134973000000.0,3355000000.0,37636000000.0,225783000000.0,322239000000.0,96456000000.0,,136079000000.0,149630000000.0,,89704000000.0,60589000000.0,27502000000.0,12334000000.0,11636000000.0,-26804000000.0,11636000000.0,-26804000000.0,27502000000.0,12334000000.0,0.0,10044000000.0,0,8683000000.0,2.18,10044000000.0,11544000000.0,10044000000.0,4257000000.0,0.0,4570633000.0,20227000000.0,0,4601380000.0,10044000000.0,33582000000.0,367000000.0,0,11911000000.0,1867000000.0,2.2,4426000000.0,53809000000.0,866000000.0,86000000.0,,,,,
27,2018-12-30,2019-03-30,quarterly,Q2,2019,0000320193,3571,['AAPL'],APPLE INC,2019-05-01,,https://api.polygon.io/v1/reference/sec/filings/0000320193-19-000066,http://api.polygon.io/v1/reference/sec/filings/0000320193-19-000066/files/a10-qq220193302019_htm.xml,30443000000.0,0,118462000000.0,341998000000.0,218652000000.0,105860000000.0,123346000000.0,4884000000.0,38746000000.0,236138000000.0,341998000000.0,105860000000.0,,142366000000.0,179906000000.0,,93772000000.0,63329000000.0,13348000000.0,-4954000000.0,11155000000.0,-29457000000.0,11155000000.0,-29457000000.0,13348000000.0,-4954000000.0,0.0,11561000000.0,0,8406000000.0,2.46,11561000000.0,13415000000.0,11561000000.0,3948000000.0,0.0,4674071000.0,21821000000.0,0,4700646000.0,11561000000.0,36194000000.0,378000000.0,0,13793000000.0,2232000000.0,2.47,4458000000.0,58015000000.0,1010000000.0,-177000000.0,,,,,
28,2018-09-30,2018-12-29,quarterly,Q1,2019,0000320193,3571,['AAPL'],APPLE INC,2019-01-30,,https://api.polygon.io/v1/reference/sec/filings/0000320193-19-000010,http://api.polygon.io/v1/reference/sec/filings/0000320193-19-000010/files/aapl-20181229.xml,44293000000.0,0,135840000000.0,373719000000.0,232891000000.0,117892000000.0,140828000000.0,4988000000.0,39597000000.0,255827000000.0,373719000000.0,117892000000.0,,147544000000.0,193294000000.0,,108283000000.0,63990000000.0,5844000000.0,18858000000.0,26690000000.0,-13676000000.0,26690000000.0,-13676000000.0,5844000000.0,18858000000.0,0.0,19965000000.0,0,8685000000.0,4.18,19965000000.0,23346000000.0,19965000000.0,3902000000.0,0.0,4735820000.0,32031000000.0,0,4773252000.0,19965000000.0,52279000000.0,560000000.0,0,23906000000.0,3941000000.0,4.22,4783000000.0,84310000000.0,890000000.0,53000000.0,,,,,
29,2018-07-01,2018-09-29,quarterly,Q4,2018,0000320193,3571,['AAPL'],APPLE INC,,,,,55888000000.0,0,127383000000.0,365725000000.0,234386000000.0,107147000000.0,131339000000.0,3956000000.0,41304000000.0,258578000000.0,365725000000.0,107147000000.0,,141712000000.0,193082000000.0,,116866000000.0,60978000000.0,-3001000000.0,-6058000000.0,19523000000.0,-22580000000.0,19523000000.0,-22580000000.0,-3001000000.0,-6058000000.0,0.0,14125000000.0,0,7966000000.0,2.91,14125000000.0,16118000000.0,14125000000.0,3750000000.0,0.0,-51263000.0,24084000000.0,0,-50854000.0,14125000000.0,38816000000.0,303000000.0,0,62900000000.0,2296000000.0,2.94,4216000000.0,62900000000.0,868000000.0,519000000.0,,,,,
30,2017-10-01,2018-09-29,annual,FY,2018,0000320193,3571,['AAPL'],APPLE INC,2018-11-05,,https://api.polygon.io/v1/reference/sec/filings/0000320193-18-000145,http://api.polygon.io/v1/reference/sec/filings/0000320193-18-000145/files/aapl-20180929.xml,55888000000.0,0,127383000000.0,365725000000.0,234386000000.0,107147000000.0,131339000000.0,3956000000.0,41304000000.0,258578000000.0,365725000000.0,107147000000.0,,141712000000.0,193082000000.0,,116866000000.0,60978000000.0,16066000000.0,5624000000.0,77434000000.0,-87876000000.0,77434000000.0,-87876000000.0,16066000000.0,5624000000.0,192692000000.0,59531000000.0,0,30941000000.0,11.91,59531000000.0,70898000000.0,59531000000.0,14236000000.0,192692000000.0,4955377000.0,101839000000.0,0,5000109000.0,59531000000.0,163756000000.0,2005000000.0,0,72903000000.0,13372000000.0,12.01,16705000000.0,265595000000.0,3240000000.0,-32590000000.0,,,,,
31,2018-04-01,2018-06-30,quarterly,Q3,2018,0000320193,3571,['AAPL'],APPLE INC,2018-08-01,,https://api.polygon.io/v1/reference/sec/filings/0000320193-18-000100,http://api.polygon.io/v1/reference/sec/filings/0000320193-18-000100/files/aapl-20180630.xml,38489000000.0,0,109825000000.0,349197000000.0,233436000000.0,114949000000.0,115761000000.0,5936000000.0,38117000000.0,234248000000.0,349197000000.0,114949000000.0,,145700000000.0,195319000000.0,,88548000000.0,50059000000.0,3947000000.0,-13088000000.0,14488000000.0,-31523000000.0,14488000000.0,-31523000000.0,3947000000.0,-13088000000.0,0.0,11519000000.0,0,7809000000.0,2.34,11519000000.0,12612000000.0,11519000000.0,3701000000.0,0.0,4882167000.0,20421000000.0,0,4926609000.0,11519000000.0,32844000000.0,672000000.0,0,13284000000.0,1765000000.0,2.36,4108000000.0,53265000000.0,846000000.0,1126000000.0,,,,,
32,2017-12-31,2018-03-31,quarterly,Q2,2018,0000320193,3571,['AAPL'],APPLE INC,2018-05-02,,https://api.polygon.io/v1/reference/sec/filings/0000320193-18-000070,http://api.polygon.io/v1/reference/sec/filings/0000320193-18-000070/files/aapl-20180331.xml,34311000000.0,0,122391000000.0,367502000000.0,237449000000.0,126878000000.0,130053000000.0,7662000000.0,35077000000.0,240624000000.0,367502000000.0,126878000000.0,,151304000000.0,202372000000.0,,89320000000.0,55009000000.0,28710000000.0,17568000000.0,15130000000.0,-26272000000.0,15130000000.0,-26272000000.0,28710000000.0,17568000000.0,0.0,13822000000.0,0,7528000000.0,2.73,13822000000.0,15894000000.0,13822000000.0,3378000000.0,0.0,5024877000.0,23422000000.0,0,5068493000.0,13822000000.0,37715000000.0,274000000.0,0,16168000000.0,2346000000.0,2.75,4150000000.0,61137000000.0,792000000.0,-498000000.0,,,,,
33,2017-10-01,2017-12-30,quarterly,Q1,2018,0000320193,3571,['AAPL'],APPLE INC,2018-02-02,,https://api.polygon.io/v1/reference/sec/filings/0000320193-18-000007,http://api.polygon.io/v1/reference/sec/filings/0000320193-18-000007/files/aapl-20171230.xml,62985000000.0,0,139389000000.0,406794000000.0,262984000000.0,140199000000.0,143810000000.0,4421000000.0,33679000000.0,266595000000.0,406794000000.0,140199000000.0,,150807000000.0,227156000000.0,,115788000000.0,52803000000.0,-13590000000.0,7202000000.0,28293000000.0,-7501000000.0,28293000000.0,-7501000000.0,-13590000000.0,7202000000.0,0.0,20065000000.0,0,7638000000.0,3.89,20065000000.0,26274000000.0,20065000000.0,3407000000.0,0.0,5112877000.0,33912000000.0,0,5157787000.0,20065000000.0,54381000000.0,756000000.0,0,27030000000.0,6965000000.0,3.92,4231000000.0,88293000000.0,734000000.0,-33737000000.0,2149000000.0,,,,
34,2017-07-02,2017-09-30,quarterly,Q4,2017,0000320193,3571,['AAPL'],APPLE INC,,,,,49049000000.0,0,123790000000.0,375319000000.0,246674000000.0,134047000000.0,128645000000.0,4855000000.0,33783000000.0,241272000000.0,375319000000.0,134047000000.0,,140458000000.0,210593000000.0,,100814000000.0,51765000000.0,-9942000000.0,1718000000.0,15656000000.0,-3996000000.0,15656000000.0,-3996000000.0,-9942000000.0,1718000000.0,0.0,10714000000.0,0,6811000000.0,2.07,10714000000.0,13120000000.0,10714000000.0,2997000000.0,0.0,-22605000.0,19931000000.0,0,-22702000.0,10714000000.0,32648000000.0,797000000.0,0,52579000000.0,3203000000.0,2.08,3814000000.0,52579000000.0,666000000.0,1202000000.0,2298000000.0,,,,
35,2016-09-25,2017-09-30,annual,FY,2017,0000320193,3571,['AAPL'],APPLE INC,2017-11-03,,https://api.polygon.io/v1/reference/sec/filings/0000320193-17-000070,http://api.polygon.io/v1/reference/sec/filings/0000320193-17-000070/files/aapl-20170930.xml,49049000000.0,0,123790000000.0,375319000000.0,246674000000.0,134047000000.0,128645000000.0,4855000000.0,33783000000.0,241272000000.0,375319000000.0,134047000000.0,,140458000000.0,210593000000.0,,100814000000.0,51765000000.0,-46446000000.0,-195000000.0,63598000000.0,-17347000000.0,63598000000.0,-17347000000.0,-46446000000.0,-195000000.0,165145000000.0,48351000000.0,0,26842000000.0,9.21,48351000000.0,61344000000.0,48351000000.0,11581000000.0,165145000000.0,5217242000.0,88186000000.0,0,5251692000.0,48351000000.0,141048000000.0,2745000000.0,0,64089000000.0,15738000000.0,9.27,15261000000.0,229234000000.0,2323000000.0,5966000000.0,2298000000.0,,,,
36,2017-04-02,2017-07-01,quarterly,Q3,2017,0000320193,3571,['AAPL'],APPLE INC,2017-08-02,,https://api.polygon.io/v1/reference/sec/filings/0000320193-17-000009,http://api.polygon.io/v1/reference/sec/filings/0000320193-17-000009/files/aapl-20170701.xml,31915000000.0,0,109729000000.0,345173000000.0,232298000000.0,132425000000.0,112875000000.0,3146000000.0,29286000000.0,212748000000.0,345173000000.0,132425000000.0,,131446000000.0,200568000000.0,,81302000000.0,49387000000.0,-3180000000.0,3414000000.0,8363000000.0,-1769000000.0,8363000000.0,-1769000000.0,-3180000000.0,3414000000.0,0.0,8717000000.0,0,6720000000.0,1.67,8717000000.0,10768000000.0,8717000000.0,2937000000.0,0.0,5195088000.0,17488000000.0,0,5233499000.0,8717000000.0,27920000000.0,540000000.0,0,11308000000.0,2591000000.0,1.68,3783000000.0,45408000000.0,602000000.0,1942000000.0,2444000000.0,,,,
37,2017-01-01,2017-04-01,quarterly,Q2,2017,0000320193,3571,['AAPL'],APPLE INC,2017-05-03,,https://api.polygon.io/v1/reference/sec/filings/0001628280-17-004790,http://api.polygon.io/v1/reference/sec/filings/0001628280-17-004790/files/aapl-20170401.xml,28573000000.0,0,99080000000.0,334532000000.0,232542000000.0,134082000000.0,101990000000.0,2910000000.0,27163000000.0,200450000000.0,334532000000.0,134082000000.0,,127108000000.0,202762000000.0,,73342000000.0,44769000000.0,-14202000000.0,-1214000000.0,12523000000.0,465000000.0,12523000000.0,465000000.0,-14202000000.0,-1214000000.0,0.0,11029000000.0,0,6494000000.0,2.1,11029000000.0,14097000000.0,11029000000.0,2776000000.0,0.0,5225791000.0,20591000000.0,0,5261688000.0,11029000000.0,32305000000.0,587000000.0,0,14684000000.0,3655000000.0,2.11,3718000000.0,52896000000.0,530000000.0,1370000000.0,2617000000.0,,,,
38,2016-09-25,2016-12-31,quarterly,Q1,2017,0000320193,3571,['AAPL'],APPLE INC,2017-02-01,,https://api.polygon.io/v1/reference/sec/filings/0001628280-17-000717,http://api.polygon.io/v1/reference/sec/filings/0001628280-17-000717/files/aapl-20161231.xml,38510000000.0,0,100620000000.0,331141000000.0,227809000000.0,132390000000.0,103332000000.0,2712000000.0,26510000000.0,198751000000.0,331141000000.0,132390000000.0,,114621000000.0,198451000000.0,,84130000000.0,45620000000.0,-19122000000.0,-4113000000.0,27056000000.0,-12047000000.0,27056000000.0,-12047000000.0,-19122000000.0,-4113000000.0,0.0,17891000000.0,0,6817000000.0,3.36,17891000000.0,23359000000.0,17891000000.0,2871000000.0,0.0,5298661000.0,30176000000.0,0,5327995000.0,17891000000.0,48175000000.0,821000000.0,0,24180000000.0,6289000000.0,3.38,3946000000.0,78351000000.0,525000000.0,1452000000.0,2848000000.0,,,,
39,2016-06-26,2016-09-24,quarterly,Q4,2016,0000320193,3571,['AAPL'],APPLE INC,,,,,37294000000.0,0,104737000000.0,321686000000.0,214817000000.0,128249000000.0,106869000000.0,2132000000.0,27010000000.0,193437000000.0,321686000000.0,128249000000.0,,114431000000.0,184601000000.0,,79006000000.0,41712000000.0,-7397000000.0,2247000000.0,16126000000.0,-6482000000.0,16126000000.0,-6482000000.0,-7397000000.0,2247000000.0,0.0,9014000000.0,0,6052000000.0,1.67,9014000000.0,11761000000.0,9014000000.0,2570000000.0,0.0,-34636000.0,17813000000.0,0,-35650000.0,9014000000.0,29039000000.0,427000000.0,0,46852000000.0,3174000000.0,1.68,3482000000.0,46852000000.0,450000000.0,-253000000.0,3206000000.0,,,,
40,2015-09-27,2016-09-24,annual,FY,2016,0000320193,3571,['AAPL'],APPLE INC,2016-10-26,,https://api.polygon.io/v1/reference/sec/filings/0001628280-16-020309,http://api.polygon.io/v1/reference/sec/filings/0001628280-16-020309/files/aapl-20160924.xml,37294000000.0,0,104737000000.0,321686000000.0,214817000000.0,128249000000.0,106869000000.0,2132000000.0,27010000000.0,193437000000.0,321686000000.0,128249000000.0,,114431000000.0,184601000000.0,,79006000000.0,41712000000.0,-45977000000.0,-636000000.0,65824000000.0,-20483000000.0,65824000000.0,-20483000000.0,-45977000000.0,-636000000.0,154267000000.0,45687000000.0,0,24239000000.0,8.31,45687000000.0,60024000000.0,45687000000.0,10045000000.0,154267000000.0,5470820000.0,84263000000.0,0,5500281000.0,45687000000.0,131376000000.0,1348000000.0,0,61372000000.0,15685000000.0,8.35,14194000000.0,215639000000.0,1456000000.0,4938000000.0,3206000000.0,8300000000.0,,,
41,2016-03-27,2016-06-25,quarterly,Q3,2016,0000320193,3571,['AAPL'],APPLE INC,2016-07-27,,https://api.polygon.io/v1/reference/sec/filings/0001628280-16-017809,http://api.polygon.io/v1/reference/sec/filings/0001628280-16-017809/files/aapl-20160625.xml,26318000000.0,0,91930000000.0,305602000000.0,211841000000.0,126541000000.0,93761000000.0,1831000000.0,25448000000.0,179061000000.0,305602000000.0,126541000000.0,,107575000000.0,182887000000.0,,71486000000.0,45168000000.0,-4470000000.0,-3277000000.0,10634000000.0,-9441000000.0,10634000000.0,-9441000000.0,-4470000000.0,-3277000000.0,0.0,7796000000.0,0,6001000000.0,1.42,7796000000.0,10105000000.0,7796000000.0,2560000000.0,0.0,5443058000.0,16106000000.0,0,5472781000.0,7796000000.0,26252000000.0,364000000.0,0,10469000000.0,2673000000.0,1.43,3441000000.0,42358000000.0,409000000.0,2099000000.0,3506000000.0,,,,
42,2015-12-27,2016-03-26,quarterly,Q2,2016,0000320193,3571,['AAPL'],APPLE INC,2016-04-27,,https://api.polygon.io/v1/reference/sec/filings/0001193125-16-559625,http://api.polygon.io/v1/reference/sec/filings/0001193125-16-559625/files/aapl-20160326.xml,25098000000.0,0,85311000000.0,305277000000.0,217685000000.0,130457000000.0,87592000000.0,2281000000.0,23203000000.0,174820000000.0,305277000000.0,130457000000.0,,106555000000.0,190639000000.0,,68265000000.0,43167000000.0,-13660000000.0,4825000000.0,11601000000.0,6884000000.0,11601000000.0,6884000000.0,-13660000000.0,4825000000.0,0.0,10516000000.0,0,5934000000.0,1.9,10516000000.0,13987000000.0,10516000000.0,2511000000.0,0.0,5514381000.0,19921000000.0,0,5540886000.0,10516000000.0,30636000000.0,155000000.0,0,14142000000.0,3626000000.0,1.91,3423000000.0,50557000000.0,321000000.0,1500000000.0,3843000000.0,,,,
43,2015-09-27,2015-12-26,quarterly,Q1,2016,0000320193,3571,['AAPL'],APPLE INC,2016-01-27,,https://api.polygon.io/v1/reference/sec/filings/0001193125-16-439878,http://api.polygon.io/v1/reference/sec/filings/0001193125-16-439878/files/aapl-20151226.xml,33312000000.0,0,73768000000.0,293284000000.0,217065000000.0,128267000000.0,76219000000.0,2451000000.0,22300000000.0,165017000000.0,293284000000.0,128267000000.0,,88925000000.0,190841000000.0,,76092000000.0,42780000000.0,-20450000000.0,-4431000000.0,27463000000.0,-11444000000.0,27463000000.0,-11444000000.0,-20450000000.0,-4431000000.0,0.0,18361000000.0,0,6252000000.0,3.28,18361000000.0,24171000000.0,18361000000.0,2404000000.0,0.0,5558930000.0,30423000000.0,0,5594127000.0,18361000000.0,45449000000.0,402000000.0,0,24573000000.0,6212000000.0,3.3,3848000000.0,75872000000.0,276000000.0,1592000000.0,3924000000.0,,,,
44,2015-06-28,2015-09-26,quarterly,Q4,2015,0000320193,3571,['AAPL'],APPLE INC,,,,,35490000000.0,0,87029000000.0,290479000000.0,201101000000.0,119355000000.0,89378000000.0,2349000000.0,22471000000.0,171124000000.0,290479000000.0,119355000000.0,,90514000000.0,174737000000.0,,80610000000.0,45120000000.0,-1375000000.0,5801000000.0,13475000000.0,-6299000000.0,13475000000.0,-6299000000.0,-1375000000.0,5801000000.0,0.0,11124000000.0,0,5925000000.0,1.96,11124000000.0,14623000000.0,11124000000.0,2220000000.0,0.0,-35501000.0,20548000000.0,0,-36851000.0,11124000000.0,30953000000.0,439000000.0,0,51501000000.0,3938000000.0,1.97,3705000000.0,51501000000.0,238000000.0,-1438000000.0,3893000000.0,,,,
45,2014-09-28,2015-09-26,annual,FY,2015,0000320193,3571,['AAPL'],APPLE INC,2015-10-28,,https://api.polygon.io/v1/reference/sec/filings/0001193125-15-356351,http://api.polygon.io/v1/reference/sec/filings/0001193125-15-356351/files/aapl-20150926.xml,35490000000.0,0,87029000000.0,290479000000.0,201101000000.0,119355000000.0,89378000000.0,2349000000.0,22471000000.0,171124000000.0,290479000000.0,119355000000.0,,90514000000.0,174737000000.0,,80610000000.0,45120000000.0,-56274000000.0,7276000000.0,81266000000.0,-17716000000.0,81266000000.0,-17716000000.0,-56274000000.0,7276000000.0,161200000000.0,53394000000.0,0,22396000000.0,9.22,53394000000.0,71230000000.0,53394000000.0,8067000000.0,161200000000.0,5753421000.0,93626000000.0,0,5793069000.0,53394000000.0,140089000000.0,1285000000.0,0,72515000000.0,19121000000.0,9.28,14329000000.0,233715000000.0,733000000.0,1382000000.0,3893000000.0,9200000000.0,,,
46,2015-03-29,2015-06-27,quarterly,Q3,2015,0000320193,3571,['AAPL'],APPLE INC,2015-07-22,,https://api.polygon.io/v1/reference/sec/filings/0001193125-15-259935,http://api.polygon.io/v1/reference/sec/filings/0001193125-15-259935/files/aapl-20150627.xml,26474000000.0,0,68911000000.0,273151000000.0,202198000000.0,125677000000.0,70953000000.0,2042000000.0,21149000000.0,147474000000.0,273151000000.0,125677000000.0,,82189000000.0,177270000000.0,,65285000000.0,37260000000.0,-11403000000.0,830000000.0,14988000000.0,-2755000000.0,14988000000.0,-2755000000.0,-11403000000.0,830000000.0,0.0,10677000000.0,0,5598000000.0,1.85,10677000000.0,14083000000.0,10677000000.0,2034000000.0,0.0,5729886000.0,19681000000.0,0,5773099000.0,10677000000.0,29924000000.0,390000000.0,0,14473000000.0,3796000000.0,1.86,3564000000.0,49605000000.0,201000000.0,941000000.0,3779000000.0,,1551000000.0,,
47,2014-12-28,2015-03-28,quarterly,Q2,2015,0000320193,3571,['AAPL'],APPLE INC,2015-04-28,,https://api.polygon.io/v1/reference/sec/filings/0001193125-15-153166,http://api.polygon.io/v1/reference/sec/filings/0001193125-15-153166/files/aapl-20150328.xml,23159000000.0,0,65495000000.0,261194000000.0,193303000000.0,129006000000.0,67891000000.0,2396000000.0,20151000000.0,132188000000.0,261194000000.0,129006000000.0,40072000000.0,73459000000.0,169091000000.0,33387000000.0,58729000000.0,34316000000.0,-22331000000.0,-4989000000.0,19081000000.0,-1739000000.0,19081000000.0,-1739000000.0,-22331000000.0,-4989000000.0,0.0,13569000000.0,0,5378000000.0,2.33,13569000000.0,18278000000.0,13569000000.0,1918000000.0,0.0,5793799000.0,23656000000.0,0,5834858000.0,13569000000.0,34354000000.0,286000000.0,0,18564000000.0,4995000000.0,2.34,3460000000.0,58010000000.0,163000000.0,-318000000.0,4061000000.0,,1254000000.0,,
48,2014-09-28,2014-12-27,quarterly,Q1,2015,0000320193,3571,['AAPL'],APPLE INC,2015-01-28,,https://api.polygon.io/v1/reference/sec/filings/0001193125-15-023697,http://api.polygon.io/v1/reference/sec/filings/0001193125-15-023697/files/aapl-20141227.xml,38001000000.0,0,81120000000.0,261894000000.0,178491000000.0,123328000000.0,83403000000.0,2283000000.0,20392000000.0,138566000000.0,261894000000.0,123328000000.0,32504000000.0,64955000000.0,153729000000.0,32451000000.0,73611000000.0,34294000000.0,-21165000000.0,5634000000.0,33722000000.0,-6923000000.0,33722000000.0,-6923000000.0,-21165000000.0,5634000000.0,0.0,18024000000.0,0,5495000000.0,3.06,18024000000.0,24246000000.0,18024000000.0,1895000000.0,0.0,5843082000.0,29741000000.0,0,5881803000.0,18024000000.0,44858000000.0,170000000.0,0,24416000000.0,6392000000.0,3.08,3600000000.0,74599000000.0,131000000.0,2197000000.0,4370000000.0,,1316000000.0,,
49,2014-06-29,2014-09-27,quarterly,Q4,2014,0000320193,3571,['AAPL'],APPLE INC,,,,,30196000000.0,0,66420000000.0,231839000000.0,163308000000.0,111547000000.0,68531000000.0,2111000000.0,20624000000.0,120292000000.0,231839000000.0,111547000000.0,28987000000.0,56844000000.0,138542000000.0,27857000000.0,63448000000.0,32043000000.0,2997000000.0,867000000.0,13250000000.0,-15380000000.0,13250000000.0,-15380000000.0,2997000000.0,867000000.0,0.0,8467000000.0,0,4844000000.0,1.42,8467000000.0,11165000000.0,8467000000.0,1686000000.0,0.0,-50575000.0,16009000000.0,0,-50194000.0,8467000000.0,26114000000.0,307000000.0,0,42123000000.0,3005000000.0,1.43,3158000000.0,42123000000.0,115000000.0,-807000000.0,4142000000.0,,1209000000.0,,
50,2013-09-29,2014-09-27,annual,FY,2014,0000320193,3571,['AAPL'],APPLE INC,2014-10-27,,https://api.polygon.io/v1/reference/sec/filings/0001193125-14-383437,http://api.polygon.io/v1/reference/sec/filings/0001193125-14-383437/files/aapl-20140927.xml,30196000000.0,0,66420000000.0,231839000000.0,163308000000.0,111547000000.0,68531000000.0,2111000000.0,20624000000.0,120292000000.0,231839000000.0,111547000000.0,28987000000.0,56844000000.0,138542000000.0,27857000000.0,63448000000.0,32043000000.0,-22579000000.0,-415000000.0,59713000000.0,-37549000000.0,59713000000.0,-37549000000.0,-22579000000.0,-415000000.0,129312000000.0,39510000000.0,0,18034000000.0,6.45,39510000000.0,52503000000.0,39510000000.0,6041000000.0,129312000000.0,6085572000.0,70537000000.0,0,6122663000.0,39510000000.0,112258000000.0,980000000.0,0,53483000000.0,13973000000.0,6.49,11993000000.0,182795000000.0,384000000.0,2347000000.0,4142000000.0,6900000000.0,1209000000.0,,
51,2014-03-30,2014-06-28,quarterly,Q3,2014,0000320193,3571,['AAPL'],APPLE INC,2014-07-23,,https://api.polygon.io/v1/reference/sec/filings/0001193125-14-277160,http://api.polygon.io/v1/reference/sec/filings/0001193125-14-277160/files/aapl-20140628.xml,20535000000.0,0,66355000000.0,222520000000.0,154571000000.0,120940000000.0,67949000000.0,1594000000.0,17585000000.0,101580000000.0,222520000000.0,120940000000.0,29030000000.0,55375000000.0,133219000000.0,26345000000.0,46205000000.0,24436000000.0,-22214000000.0,-5972000000.0,10255000000.0,5987000000.0,10255000000.0,5987000000.0,-22214000000.0,-5972000000.0,0.0,7748000000.0,0,4453000000.0,1.28,7748000000.0,10282000000.0,7748000000.0,1603000000.0,0.0,6012635000.0,14735000000.0,0,6051711000.0,7748000000.0,22697000000.0,202000000.0,0,10484000000.0,2736000000.0,1.29,2850000000.0,37432000000.0,100000000.0,1095000000.0,3767000000.0,,1234000000.0,,
52,2013-12-29,2014-03-29,quarterly,Q2,2014,0000320193,3571,['AAPL'],APPLE INC,2014-04-24,,https://api.polygon.io/v1/reference/sec/filings/0001193125-14-157311,http://api.polygon.io/v1/reference/sec/filings/0001193125-14-157311/files/aapl-20140329.xml,18914000000.0,0,68712000000.0,205989000000.0,135448000000.0,120179000000.0,70541000000.0,1829000000.0,15120000000.0,85810000000.0,205989000000.0,120179000000.0,16962000000.0,42602000000.0,116400000000.0,25640000000.0,43208000000.0,23314000000.0,11741000000.0,4872000000.0,13538000000.0,-20407000000.0,13538000000.0,-20407000000.0,11741000000.0,4872000000.0,0.0,10223000000.0,0,4354000000.0,1.66,10223000000.0,13593000000.0,10223000000.0,1422000000.0,0.0,874757000.0,17947000000.0,0,879528000.0,10223000000.0,27699000000.0,225000000.0,0,13818000000.0,3595000000.0,1.67,2932000000.0,45646000000.0,85000000.0,806000000.0,3928000000.0,,980000000.0,,
53,2013-09-29,2013-12-28,quarterly,Q1,2014,0000320193,3571,['AAPL'],APPLE INC,2014-01-28,,https://api.polygon.io/v1/reference/sec/filings/0001193125-14-024487,http://api.polygon.io/v1/reference/sec/filings/0001193125-14-024487/files/aapl-20131228.xml,29588000000.0,0,78225000000.0,225184000000.0,144837000000.0,129684000000.0,80347000000.0,2122000000.0,15488000000.0,95500000000.0,225184000000.0,129684000000.0,16961000000.0,41731000000.0,125244000000.0,24770000000.0,53769000000.0,23179000000.0,-15103000000.0,-182000000.0,22670000000.0,-7749000000.0,22670000000.0,-7749000000.0,-15103000000.0,-182000000.0,0.0,13072000000.0,0,4383000000.0,2.07,13072000000.0,17463000000.0,13072000000.0,1330000000.0,0.0,896072000.0,21846000000.0,0,901452000.0,13072000000.0,35748000000.0,246000000.0,0,17709000000.0,4637000000.0,2.08,3053000000.0,57594000000.0,84000000.0,1253000000.0,4105000000.0,,1002000000.0,,
54,2013-06-30,2013-09-28,quarterly,Q4,2013,0000320193,3571,['AAPL'],APPLE INC,,,,,22367000000.0,0,71522000000.0,207000000000.0,133714000000.0,123549000000.0,73286000000.0,1764000000.0,16597000000.0,83451000000.0,207000000000.0,123549000000.0,16960000000.0,39793000000.0,112938000000.0,22833000000.0,43658000000.0,20332000000.0,611000000.0,3011000000.0,9908000000.0,-7508000000.0,9908000000.0,-7508000000.0,611000000.0,3011000000.0,0.0,7512000000.0,0,3841000000.0,8.26,7512000000.0,10030000000.0,7512000000.0,1168000000.0,0.0,-7057000.0,13871000000.0,0,-7510000.0,7512000000.0,23601000000.0,113000000.0,0,37472000000.0,2631000000.0,8.31,2673000000.0,37472000000.0,,-1383000000.0,4179000000.0,,959000000.0,,
55,2012-09-30,2013-09-28,annual,FY,2013,0000320193,3571,['AAPL'],APPLE INC,2013-10-30,,https://api.polygon.io/v1/reference/sec/filings/0001193125-13-416534,http://api.polygon.io/v1/reference/sec/filings/0001193125-13-416534/files/aapl-20130928.xml,22367000000.0,0,71522000000.0,207000000000.0,133714000000.0,123549000000.0,73286000000.0,1764000000.0,16597000000.0,83451000000.0,207000000000.0,123549000000.0,16960000000.0,39793000000.0,112938000000.0,22833000000.0,43658000000.0,20332000000.0,-33774000000.0,3513000000.0,53666000000.0,-16379000000.0,53666000000.0,-16379000000.0,-33774000000.0,3513000000.0,120755000000.0,37037000000.0,0,15305000000.0,39.75,37037000000.0,48999000000.0,37037000000.0,4475000000.0,120755000000.0,925331000.0,64304000000.0,0,931662000.0,37037000000.0,106606000000.0,1156000000.0,0,50155000000.0,13118000000.0,40.03,10830000000.0,170910000000.0,136000000.0,1141000000.0,4179000000.0,5800000000.0,959000000.0,,
56,2013-03-31,2013-06-29,quarterly,Q3,2013,0000320193,3571,['AAPL'],APPLE INC,2013-07-24,,https://api.polygon.io/v1/reference/sec/filings/0001193125-13-300670,http://api.polygon.io/v1/reference/sec/filings/0001193125-13-300670/files/aapl-20130629.xml,15516000000.0,0,66522000000.0,199856000000.0,131637000000.0,123354000000.0,68219000000.0,1697000000.0,16327000000.0,76502000000.0,199856000000.0,123354000000.0,16958000000.0,40183000000.0,110957000000.0,23225000000.0,36319000000.0,19797000000.0,-6507000000.0,-805000000.0,7828000000.0,-2126000000.0,7828000000.0,-2126000000.0,-6507000000.0,-805000000.0,0.0,6900000000.0,0,3823000000.0,7.47,6900000000.0,9201000000.0,6900000000.0,1178000000.0,0.0,918618000.0,13024000000.0,0,924265000.0,6900000000.0,22299000000.0,234000000.0,0,9435000000.0,2535000000.0,7.51,2645000000.0,35323000000.0,,567000000.0,4353000000.0,,1006000000.0,,
57,2012-12-30,2013-03-30,quarterly,Q2,2013,0000320193,3571,['AAPL'],APPLE INC,2013-04-24,,https://api.polygon.io/v1/reference/sec/filings/0001193125-13-168288,http://api.polygon.io/v1/reference/sec/filings/0001193125-13-168288/files/aapl-20130330.xml,14912000000.0,0,62092000000.0,194743000000.0,131406000000.0,135490000000.0,63337000000.0,1245000000.0,15026000000.0,59253000000.0,194743000000.0,135490000000.0,,23745000000.0,112244000000.0,,35508000000.0,19804000000.0,-14357000000.0,-4101000000.0,12504000000.0,-2248000000.0,12504000000.0,-2248000000.0,-14357000000.0,-4101000000.0,0.0,9547000000.0,0,3791000000.0,10.09,9547000000.0,12558000000.0,9547000000.0,1119000000.0,0.0,939629000.0,16349000000.0,0,946035000.0,9547000000.0,27254000000.0,347000000.0,0,12905000000.0,3358000000.0,10.16,2672000000.0,43603000000.0,,778000000.0,4136000000.0,,792000000.0,12905000000.0,
58,2012-09-30,2012-12-29,quarterly,Q1,2013,0000320193,3571,['AAPL'],APPLE INC,2013-01-24,,https://api.polygon.io/v1/reference/sec/filings/0001193125-13-022339,http://api.polygon.io/v1/reference/sec/filings/0001193125-13-022339/files/aapl-20121229.xml,26398000000.0,0,70893000000.0,196088000000.0,123740000000.0,127346000000.0,72348000000.0,1455000000.0,15422000000.0,68742000000.0,196088000000.0,127346000000.0,,21863000000.0,103856000000.0,,46879000000.0,19731000000.0,-13521000000.0,5408000000.0,23426000000.0,-4497000000.0,23426000000.0,-4497000000.0,-13521000000.0,5408000000.0,0.0,13078000000.0,0,3850000000.0,13.81,13078000000.0,17210000000.0,13078000000.0,1010000000.0,0.0,938916000.0,21060000000.0,0,947217000.0,13078000000.0,33452000000.0,462000000.0,0,17672000000.0,4594000000.0,13.93,2840000000.0,54512000000.0,,1179000000.0,4462000000.0,,750000000.0,17672000000.0,
59,2012-07-01,2012-09-29,quarterly,Q4,2012,0000320193,3571,['AAPL'],APPLE INC,,,,,21175000000.0,0,56862000000.0,176064000000.0,118411000000.0,118210000000.0,57653000000.0,791000000.0,15452000000.0,57854000000.0,176064000000.0,118210000000.0,,19312000000.0,98735000000.0,,38542000000.0,16632000000.0,-4313000000.0,2801000000.0,9136000000.0,-2022000000.0,9136000000.0,-2022000000.0,-4313000000.0,2801000000.0,0.0,8223000000.0,0,3457000000.0,8.67,8223000000.0,10944000000.0,8223000000.0,906000000.0,0.0,1146000.0,14401000000.0,0,915000.0,8223000000.0,21565000000.0,-51000000.0,0,35966000000.0,2670000000.0,8.76,2551000000.0,35966000000.0,,339000000.0,4224000000.0,,735000000.0,10893000000.0,
60,2011-09-25,2012-09-29,annual,FY,2012,0000320193,3571,['AAPL'],APPLE INC,2012-10-31,,https://api.polygon.io/v1/reference/sec/filings/0001193125-12-444068,http://api.polygon.io/v1/reference/sec/filings/0001193125-12-444068/files/aapl-20120929.xml,21175000000.0,0,56862000000.0,176064000000.0,118411000000.0,118210000000.0,57653000000.0,791000000.0,15452000000.0,57854000000.0,176064000000.0,118210000000.0,,19312000000.0,98735000000.0,,38542000000.0,16632000000.0,-48227000000.0,931000000.0,50856000000.0,-1698000000.0,50856000000.0,-1698000000.0,-48227000000.0,931000000.0,100745000000.0,41733000000.0,0,13421000000.0,44.15,41733000000.0,55241000000.0,41733000000.0,3381000000.0,100745000000.0,934818000.0,68662000000.0,0,945355000.0,41733000000.0,87846000000.0,522000000.0,0,55763000000.0,14030000000.0,44.64,10040000000.0,156508000000.0,,4405000000.0,4224000000.0,2600000000.0,735000000.0,55763000000.0,
61,2012-04-01,2012-06-30,quarterly,Q3,2012,0000320193,3571,['AAPL'],APPLE INC,2012-07-25,,https://api.polygon.io/v1/reference/sec/filings/0001193125-12-314552,http://api.polygon.io/v1/reference/sec/filings/0001193125-12-314552/files/aapl-20120630.xml,16808000000.0,0,50821000000.0,162896000000.0,110953000000.0,111746000000.0,51943000000.0,1122000000.0,10487000000.0,51150000000.0,162896000000.0,111746000000.0,,18090000000.0,96137000000.0,,33060000000.0,15487000000.0,-12310000000.0,-2176000000.0,10189000000.0,-55000000.0,10189000000.0,-55000000.0,-12310000000.0,-2176000000.0,0.0,8824000000.0,0,3421000000.0,9.32,8824000000.0,11573000000.0,8824000000.0,876000000.0,0.0,936596000.0,14994000000.0,0,947059000.0,8824000000.0,20029000000.0,288000000.0,0,11861000000.0,3037000000.0,9.42,2545000000.0,35023000000.0,,1151000000.0,4329000000.0,,765000000.0,11861000000.0,
62,2012-01-01,2012-03-31,quarterly,Q2,2012,0000320193,3571,['AAPL'],APPLE INC,2012-04-25,,https://api.polygon.io/v1/reference/sec/filings/0001193125-12-182321,http://api.polygon.io/v1/reference/sec/filings/0001193125-12-182321/files/aapl-20120331.xml,17011000000.0,0,49610000000.0,150934000000.0,100222000000.0,102498000000.0,50712000000.0,1102000000.0,8847000000.0,48436000000.0,150934000000.0,102498000000.0,,16400000000.0,87771000000.0,,32036000000.0,14474000000.0,-14476000000.0,-189000000.0,13977000000.0,310000000.0,13977000000.0,310000000.0,-14476000000.0,-189000000.0,0.0,11622000000.0,0,3180000000.0,12.3,11622000000.0,15384000000.0,11622000000.0,841000000.0,0.0,933582000.0,18564000000.0,0,944893000.0,11622000000.0,20622000000.0,148000000.0,0,15532000000.0,3910000000.0,12.45,2339000000.0,39186000000.0,,1459000000.0,3604000000.0,,551000000.0,15532000000.0,
63,2011-09-25,2011-12-31,quarterly,Q1,2012,0000320193,3571,['AAPL'],APPLE INC,2012-01-25,,https://api.polygon.io/v1/reference/sec/filings/0001193125-12-023398,http://api.polygon.io/v1/reference/sec/filings/0001193125-12-023398/files/aapl-20111231.xml,18221000000.0,0,53535000000.0,138681000000.0,83910000000.0,90054000000.0,54771000000.0,1236000000.0,,48627000000.0,138681000000.0,90054000000.0,,14020000000.0,80438000000.0,,34607000000.0,15823000000.0,-17128000000.0,495000000.0,17554000000.0,69000000.0,17554000000.0,69000000.0,-17128000000.0,495000000.0,0.0,13064000000.0,0,3363000000.0,13.87,13064000000.0,17340000000.0,13064000000.0,758000000.0,0.0,931041000.0,20703000000.0,0,941572000.0,13064000000.0,25630000000.0,137000000.0,0,17477000000.0,4413000000.0,14.03,2605000000.0,46333000000.0,,1456000000.0,3472000000.0,,563000000.0,17477000000.0,
64,2011-06-26,2011-09-24,quarterly,Q4,2011,0000320193,3571,['AAPL'],APPLE INC,,,,,14632000000.0,0,44212000000.0,116371000000.0,71383000000.0,76615000000.0,44988000000.0,776000000.0,,39756000000.0,116371000000.0,76615000000.0,,11786000000.0,67847000000.0,,27970000000.0,12748000000.0,-13136000000.0,-2276000000.0,10429000000.0,431000000.0,10429000000.0,431000000.0,-13136000000.0,-2276000000.0,0.0,6623000000.0,0,2670000000.0,7.05,6623000000.0,8710000000.0,6623000000.0,645000000.0,0.0,1341000.0,11380000000.0,0,957000.0,6623000000.0,16890000000.0,81000000.0,0,28270000000.0,2168000000.0,7.13,2025000000.0,28270000000.0,,636000000.0,3536000000.0,,590000000.0,8791000000.0,
65,2010-09-26,2011-09-24,annual,FY,2011,0000320193,3571,['AAPL'],APPLE INC,2011-10-26,,https://api.polygon.io/v1/reference/sec/filings/0001193125-11-282113,http://api.polygon.io/v1/reference/sec/filings/0001193125-11-282113/files/aapl-20110924.xml,14632000000.0,0,44212000000.0,116371000000.0,71383000000.0,76615000000.0,44988000000.0,776000000.0,,39756000000.0,116371000000.0,76615000000.0,,11786000000.0,67847000000.0,,27970000000.0,12748000000.0,-40419000000.0,-1446000000.0,37529000000.0,1444000000.0,37529000000.0,1444000000.0,-40419000000.0,-1446000000.0,74044000000.0,25922000000.0,0,10028000000.0,27.68,25922000000.0,33790000000.0,25922000000.0,2429000000.0,74044000000.0,924258000.0,43818000000.0,0,936645000.0,25922000000.0,64431000000.0,415000000.0,0,34205000000.0,8283000000.0,28.05,7599000000.0,108249000000.0,,2868000000.0,3536000000.0,1600000000.0,590000000.0,34205000000.0,
66,2011-03-27,2011-06-25,quarterly,Q3,2011,0000320193,3571,['AAPL'],APPLE INC,2011-07-20,,https://api.polygon.io/v1/reference/sec/filings/0001193125-11-192493,http://api.polygon.io/v1/reference/sec/filings/0001193125-11-192493/files/aapl-20110625.xml,15270000000.0,0,46009000000.0,106758000000.0,59860000000.0,69343000000.0,46898000000.0,889000000.0,,37415000000.0,106758000000.0,69343000000.0,,10556000000.0,58691000000.0,,26859000000.0,11043000000.0,-15032000000.0,-3887000000.0,11108000000.0,37000000.0,11108000000.0,37000000.0,-15032000000.0,-3887000000.0,0.0,7308000000.0,0,2543000000.0,7.79,7308000000.0,9379000000.0,7308000000.0,628000000.0,0.0,926108000.0,11922000000.0,0,937810000.0,7308000000.0,16649000000.0,172000000.0,0,9551000000.0,2243000000.0,7.89,1915000000.0,28571000000.0,,669000000.0,1169000000.0,,546000000.0,9551000000.0,
67,2010-12-26,2011-03-26,quarterly,Q2,2011,0000320193,3571,['AAPL'],APPLE INC,2011-04-21,,https://api.polygon.io/v1/reference/sec/filings/0001193125-11-104388,http://api.polygon.io/v1/reference/sec/filings/0001193125-11-104388/files/aapl-20110326.xml,13714000000.0,0,46067000000.0,94904000000.0,47907000000.0,61477000000.0,46997000000.0,930000000.0,,33427000000.0,94904000000.0,61477000000.0,,9100000000.0,47400000000.0,,24327000000.0,10099000000.0,-1522000000.0,5244000000.0,6219000000.0,547000000.0,6219000000.0,547000000.0,-1522000000.0,5244000000.0,0.0,5987000000.0,0,2344000000.0,6.4,5987000000.0,7874000000.0,5987000000.0,581000000.0,0.0,923196000.0,10218000000.0,0,935944000.0,5987000000.0,14449000000.0,26000000.0,0,7900000000.0,1913000000.0,6.49,1763000000.0,24667000000.0,,740000000.0,507000000.0,,514000000.0,7900000000.0,
68,2010-09-26,2010-12-25,quarterly,Q1,2011,0000320193,3571,['AAPL'],APPLE INC,2011-01-19,,https://api.polygon.io/v1/reference/sec/filings/0001193125-11-010144,http://api.polygon.io/v1/reference/sec/filings/0001193125-11-010144/files/aapl-20101225.xml,14301000000.0,0,43042000000.0,86742000000.0,42815000000.0,54666000000.0,43927000000.0,885000000.0,,32076000000.0,86742000000.0,54666000000.0,,8281000000.0,42293000000.0,,23795000000.0,9039000000.0,-10729000000.0,-527000000.0,9773000000.0,429000000.0,9773000000.0,429000000.0,-10729000000.0,-527000000.0,0.0,6004000000.0,0,2471000000.0,6.43,6004000000.0,7827000000.0,6004000000.0,575000000.0,0.0,919294000.0,10298000000.0,0,933154000.0,6004000000.0,16443000000.0,136000000.0,0,7963000000.0,1959000000.0,6.53,1896000000.0,26741000000.0,,823000000.0,522000000.0,,455000000.0,7963000000.0,
69,2010-06-27,2010-09-25,quarterly,Q4,2010,0000320193,3571,['AAPL'],APPLE INC,,,,,12015000000.0,0,40627000000.0,75183000000.0,33505000000.0,47791000000.0,41678000000.0,1051000000.0,,27392000000.0,75183000000.0,47791000000.0,,6670000000.0,33163000000.0,,20722000000.0,8271000000.0,-4383000000.0,1556000000.0,5683000000.0,256000000.0,5683000000.0,256000000.0,-4383000000.0,1556000000.0,0.0,4308000000.0,0,2065000000.0,4.64,4308000000.0,5447000000.0,4308000000.0,494000000.0,0.0,1699000.0,7512000000.0,0,1371000.0,4308000000.0,12831000000.0,14000000.0,0,20343000000.0,1153000000.0,4.71,1571000000.0,20343000000.0,,142000000.0,342000000.0,,436000000.0,5461000000.0,
70,2009-09-27,2010-09-25,annual,FY,2010,0000320193,3571,['AAPL'],APPLE INC,2010-10-27,2010-10-27T20:36:21Z,https://api.polygon.io/v1/reference/sec/filings/0001193125-10-238044,http://api.polygon.io/v1/reference/sec/filings/0001193125-10-238044/files/aapl-20100925.xml,12015000000.0,0,40627000000.0,75183000000.0,33505000000.0,47791000000.0,41678000000.0,1051000000.0,,27392000000.0,75183000000.0,47791000000.0,,6670000000.0,33163000000.0,,20722000000.0,8271000000.0,-13854000000.0,5998000000.0,18595000000.0,1257000000.0,18595000000.0,1257000000.0,-13854000000.0,5998000000.0,46685000000.0,14013000000.0,0,7299000000.0,15.15,14013000000.0,18385000000.0,14013000000.0,1782000000.0,46685000000.0,909461000.0,25684000000.0,0,924712000.0,14013000000.0,39541000000.0,155000000.0,0,18540000000.0,4527000000.0,15.41,5517000000.0,65225000000.0,,1440000000.0,342000000.0,815000000.0,436000000.0,18540000000.0,
71,2010-03-28,2010-06-26,quarterly,Q3,2010,0000320193,3571,['AAPL'],APPLE INC,2010-07-21,2010-07-21T20:37:45Z,https://api.polygon.io/v1/reference/sec/filings/0001193125-10-162840,http://api.polygon.io/v1/reference/sec/filings/0001193125-10-162840/files/aapl-20100626.xml,8469000000.0,0,35091000000.0,64725000000.0,28692000000.0,43111000000.0,36033000000.0,942000000.0,,21614000000.0,64725000000.0,43111000000.0,,6002000000.0,28374000000.0,,15612000000.0,6738000000.0,-5430000000.0,-313000000.0,4801000000.0,316000000.0,4801000000.0,316000000.0,-5430000000.0,-313000000.0,0.0,3253000000.0,0,1902000000.0,3.51,3253000000.0,4234000000.0,3253000000.0,464000000.0,0.0,912197000.0,6136000000.0,0,927361000.0,3253000000.0,9564000000.0,58000000.0,0,4292000000.0,1039000000.0,3.57,1438000000.0,15700000000.0,,405000000.0,318000000.0,,405000000.0,4292000000.0,
72,2009-12-27,2010-03-27,quarterly,Q2,2010,0000320193,3571,['AAPL'],APPLE INC,2010-04-21,2010-04-21T20:39:23Z,https://api.polygon.io/v1/reference/sec/filings/0001193125-10-088957,http://api.polygon.io/v1/reference/sec/filings/0001193125-10-088957/files/aapl-20100327.xml,5666000000.0,0,31698000000.0,57057000000.0,24721000000.0,39348000000.0,32336000000.0,638000000.0,,17709000000.0,57057000000.0,39348000000.0,,5480000000.0,24458000000.0,,12229000000.0,6563000000.0,-83000000.0,2409000000.0,2330000000.0,162000000.0,2330000000.0,162000000.0,-83000000.0,2409000000.0,0.0,3074000000.0,0,1646000000.0,3.33,3074000000.0,3979000000.0,3074000000.0,426000000.0,0.0,907548000.0,5625000000.0,0,922878000.0,3074000000.0,7874000000.0,50000000.0,0,4029000000.0,955000000.0,3.39,1220000000.0,13499000000.0,,468000000.0,263000000.0,,,4029000000.0,
73,2009-09-27,2009-12-26,quarterly,Q1,2010,0000320193,3571,['AAPL'],APPLE INC,2010-01-25,2010-01-25T21:23:57Z,https://api.polygon.io/v1/reference/sec/filings/0001193125-10-012085,http://api.polygon.io/v1/reference/sec/filings/0001193125-10-012085/files/aapl-20091226.xml,6511000000.0,0,32756000000.0,53926000000.0,20594000000.0,35768000000.0,33332000000.0,576000000.0,,18158000000.0,53926000000.0,35768000000.0,,5061000000.0,20353000000.0,,13097000000.0,6586000000.0,-3958000000.0,2346000000.0,5781000000.0,523000000.0,5781000000.0,523000000.0,-3958000000.0,2346000000.0,0.0,3378000000.0,0,1686000000.0,3.67,3378000000.0,4725000000.0,3378000000.0,398000000.0,0.0,903542000.0,6411000000.0,0,919783000.0,3378000000.0,9272000000.0,33000000.0,0,4758000000.0,1380000000.0,3.74,1288000000.0,15683000000.0,,425000000.0,241000000.0,,,4758000000.0,
74,2009-06-28,2009-09-26,quarterly,Q4,2009,0000320193,3571,['AAPL'],APPLE INC,,,,,5601000000.0,0,35810000000.0,53851000000.0,17586000000.0,27832000000.0,36265000000.0,455000000.0,,26019000000.0,53851000000.0,27832000000.0,,6737000000.0,17339000000.0,,19282000000.0,13681000000.0,-3771000000.0,-342000000.0,3110000000.0,319000000.0,3110000000.0,319000000.0,-3771000000.0,-342000000.0,7632000000.0,1665000000.0,0,1421000000.0,1.8200000000000003,1665000000.0,2193000000.0,1665000000.0,358000000.0,7632000000.0,1671000.0,3614000000.0,0,2456000.0,1665000000.0,6256000000.0,45000000.0,0,2238000000.0,573000000.0,1.8599999999999994,1063000000.0,9870000000.0,,-318000000.0,247000000.0,,,2238000000.0,
75,2008-09-28,2009-09-26,annual,FY,2009,0000320193,3571,['AAPL'],APPLE INC,2009-10-27,2009-10-27T20:18:29Z,https://api.polygon.io/v1/reference/sec/filings/0001193125-09-214859,http://api.polygon.io/v1/reference/sec/filings/0001193125-09-214859/files/aapl-20090926.xml,5601000000.0,0,35810000000.0,53851000000.0,17586000000.0,27832000000.0,36265000000.0,455000000.0,,26019000000.0,53851000000.0,27832000000.0,,6737000000.0,17339000000.0,,19282000000.0,13681000000.0,-17434000000.0,-6612000000.0,10159000000.0,663000000.0,10159000000.0,663000000.0,-17434000000.0,-6612000000.0,28553000000.0,5704000000.0,0,5482000000.0,6.29,5704000000.0,7658000000.0,5704000000.0,1333000000.0,28553000000.0,893016000.0,13140000000.0,0,907005000.0,5704000000.0,23397000000.0,326000000.0,0,7984000000.0,2280000000.0,6.39,4149000000.0,36537000000.0,,-519000000.0,247000000.0,,,7984000000.0,
76,2009-03-29,2009-06-27,quarterly,Q3,2009,0000320193,3571,['AAPL'],APPLE INC,2009-07-22,2009-07-22T20:41:33Z,https://api.polygon.io/v1/reference/sec/filings/0001193125-09-153165,http://api.polygon.io/v1/reference/sec/filings/0001193125-09-153165/files/aapl-20090627.xml,,0,34790000000.0,48140000000.0,12970000000.0,25888000000.0,35170000000.0,380000000.0,,22252000000.0,48140000000.0,25888000000.0,,5591000000.0,12711000000.0,,16661000000.0,,,,,,,,,,6605000000.0,1229000000.0,0,1351000000.0,1.35,1229000000.0,1672000000.0,1229000000.0,341000000.0,6605000000.0,893712000.0,3023000000.0,0,909160000.0,1229000000.0,5314000000.0,60000000.0,0,1732000000.0,503000000.0,1.38,1010000000.0,8337000000.0,,,259000000.0,,,1732000000.0,0.0
